Easting,Northing,UTM Zone,X,Y,OBJECTID,ABCDMisc,ADSPermissionState,CalculatedAcres,ContainmentDateTime,ControlDateTime,DailyAcres,DiscoveryAcres,DispatchCenterID,EstimatedCostToDate,FinalFireReportApprovedByTitle,FinalFireReportApprovedByUnit,FinalFireReportApprovedDate,FireBehaviorGeneral,FireBehaviorGeneral1,FireBehaviorGeneral2,FireBehaviorGeneral3,FireCause,FireCauseGeneral,FireCauseSpecific,FireCode,FireDepartmentID,FireDiscoveryDateTime,FireMgmtComplexity,FireOutDateTime,FireStrategyConfinePercent,FireStrategyFullSuppPercent,FireStrategyMonitorPercent,FireStrategyPointZonePercent,FSJobCode,FSOverrideCode,GACC,ICS209ReportDateTime,ICS209ReportForTimePeriodFrom,ICS209ReportForTimePeriodTo,ICS209ReportStatus,IncidentManagementOrganization,IncidentName,IncidentShortDescription,IncidentTypeCategory,IncidentTypeKind,InitialLatitude,InitialLongitude,InitialResponseAcres,InitialResponseDateTime,IrwinID,IsFireCauseInvestigated,IsFireCodeRequested,IsFSAssisted,IsMultiJurisdictional,IsReimbursable,IsTrespass,IsUnifiedCommand,LocalIncidentIdentifier,PercentContained,PercentPerimeterToBeContained,POOCity,POOCounty,POODispatchCenterID,POOFips,POOJurisdictionalAgency,POOJurisdictionalUnit,POOJurisdictionalUnitParentUnit,POOLandownerCategory,POOLandownerKind,POOLegalDescPrincipalMeridian,POOLegalDescQtr,POOLegalDescQtrQtr,POOLegalDescRange,POOLegalDescSection,POOLegalDescTownship,POOPredictiveServiceAreaID,POOProtectingAgency,POOProtectingUnit,POOState,PredominantFuelGroup,PredominantFuelModel,PrimaryFuelModel,SecondaryFuelModel,TotalIncidentPersonnel,UniqueFireIdentifier,WFDSSDecisionStatus,CreatedBySystem,ModifiedBySystem,IsDispatchComplete,OrganizationalAssessment,StrategicDecisionPublishDate,CreatedOnDateTime_dt,ModifiedOnDateTime_dt,Source,GlobalID,IsCpxChild,CpxName,CpxID
1113597,4521648,T10,-115.7488125,40.61750572,107,,CERTIFIED,2285.7706,2020/08/03 23:00:00+00,2020/09/02 15:00:00+00,5985.9,5,NVEIC,3900000,,,2020/10/02 13:21:03+00,Minimal,Smoldering,Smoldering,Smoldering,Natural,Lightning,,M971,,2020/07/19 23:00:00+00,Type 4 Incident,2020/10/01 21:00:00+00,0,100,0,0,PN,1502,GBCC,2020/08/03 23:00:00+00,2020/08/03 01:30:00+00,2020/08/03 23:00:00+00,F,Type 4 IC,Cedar,"15 Miles South of Elko, Nevada",WF,FI,40.602563,-115.719777,5,,{91E0CBAB-A24E-4590-B6C6-2B4A46907E8A},,0,1,0,0,0,0,10145,100,100,,Elko,NVEIC,32007,,,,Private,Private,,,,,,,GB19,C&L,NVECFX,US-NV,Brush,SH5,Timber (Grass and Understory),Brush (2 feet),2,2020-NVECFX-010145,Approved Decision,wildcad,INFORM_Inspector,0,Type 3 Incident,2020/07/27 17:45:30+00,2020/07/20 00:32:18+00,2020/10/02 13:21:05+00,IRWIN,{59A50BF8-A08E-42EB-BE95-3E29A5211136},,,
926566,4544504,T10,-117.9334629,40.94028857,131,,DEFAULT,3355.3934,2017/07/10 23:25:00+00,2017/07/11 03:00:00+00,3295.82,250,NVCNC,500000,,,,Minimal,Smoldering,Running,,Natural,,,K4XW,,2017/07/09 03:11:00+00,Type 4 Incident,2017/07/21 00:59:59+00,,,,,PD,1502,GBCC,2017/07/11 02:15:00+00,2017/07/10 01:30:00+00,2017/07/11 02:15:00+00,F,Type 4 IC,Barrett Springs,8 miles west of Winnemucca,WF,FI,40.98634,-118.0842,250,,{8DF05223-4981-4EFE-BBB6-4660D359C071},,0,1,0,0,0,0,20138,100,100,Winnemucca,Humboldt,,32013,,NVWID,,BLM,Federal,,,,,,,GB11,BLM,NVWID,US-NV,,,Short Grass (1 foot),Brush (2 feet),4,2017-NVWID-020138,Pending Decision,wildcad,wildcad,0,,,2017/07/09 03:34:40+00,2018/02/02 18:29:38+00,IRWIN,{A52D6BF1-35C0-4E04-B201-7463E36B644B},,,
554203,4655291,T10,-122.3450138,42.04780528,816,,DEFAULT,34268.1839,2014/08/14 12:59:59+00,2014/08/14 12:59:59+00,32500,,,,,,,,,,,Natural,,,,,2014/07/31 20:29:59+00,,2014/11/17 21:59:59+00,,,,,,,NWCC,,,,,,Oregon Gulch,,WF,FI,,,,,{C595EA9F-114F-4E67-99D0-35F272356E83},,0,,,,,,140774,,,,Jackson,,41029,,,,,,,,,,,,,,ORMED,US-OR,,,,,,2014-ORMED-140774,,wfdss,wfdss,0,,,2014/08/02 00:34:58+00,2014/11/18 16:24:32+00,IRWIN,{E26A7456-CC00-4DCB-A126-AD3F03A910B7},,,
690305,4461075,T10,-120.7615133,40.27852528,865,,CERTIFIED,29569.7737,2020/09/08 00:59:59+00,2020/10/09 18:59:59+00,29570,0.1,CAPNFC,21600000,,,2021/02/02 01:06:57+00,Minimal,Creeping,Smoldering,Isolated Torching,Natural,Lightning,,NGS4,,2020/08/17 19:20:00+00,Type 2 Incident,2020/12/03 15:59:59+00,0,100,0,0,,,ONCC,2020/09/09 12:30:00+00,2020/09/09 00:59:59+00,2020/09/09 12:30:00+00,F,Type 2 Team,Sheep,"Flemming Sheep Camp, Plumas N.F.",WF,FI,40.27852,-120.7615,,,{FB31F965-B88D-4C84-8B88-3241F38187CC},,0,0,1,0,0,0,1299,100,100,,Plumas,CAPNFC,6063,,,,Private,Private,Mount Diablo,,,11E,20,28N,NC07,FS,CAPNF,US-CA,Grass-Shrub,GS1,Timber (Grass and Understory),Short Grass (1 foot),180,2020-CAPNF-001299,Approved Decision,wildcad,INFORM_Inspector,0,Type 4 Incident,2020/10/13 19:17:01+00,2020/08/17 19:36:48+00,2021/02/02 01:06:58+00,IRWIN,{07FD4EC6-3472-4E4D-B9F3-61A4C5D20A39},,,
547961,4773357,T10,-122.410514,43.11142534,874,,DEFAULT,282.9762,,,1246,25,ORRICC,60000,,,,Moderate,Isolated Torching,Backing,Creeping,Natural,,,K9XL,,2017/08/11 19:44:59+00,Type 3 Incident,2017/12/31 20:00:00+00,100,,0,,P6,615,NWCC,2017/08/31 23:00:00+00,2017/08/31 00:59:59+00,2017/08/31 23:00:00+00,F,Type 3 IC,DL RATTLESNAKE MT,22 Miles NE of Prospect Ranger Station,WF,FI,43.11084,-122.4098,,,{D6910CA5-168B-4B85-B6D9-B6B93A1DBB9D},,0,1,0,0,0,0,418,0,0,Roseburg,Douglas,ORUPC,41019,,ORUPF,,USFS,Federal,Willamette,,,3E,25,28S,NW04,FS,ORUPF,US-OR,,,Timber (Litter and Understory),Tall Grass (2.5 feet),10,2017-ORUPF-000418,Approved Decision,wildcad,wildcad,0,,,2017/08/17 22:40:19+00,2018/05/02 23:02:28+00,IRWIN,{80874E13-96DC-44B3-8D06-598A192B9D9C},,,
978628,4547841,T10,-117.3152798,40.94142262,1102,,DEFAULT,1317.8298,2017/07/10 03:00:00+00,2017/07/11 00:00:00+00,3618.2,60,NVCNC,150000,,,,Minimal,Uphill Runs,Creeping,,Natural,,,K4W0,,2017/07/09 00:08:00+00,Type 4 Incident,2017/07/21 00:59:59+00,,,,,PD,1502,GBCC,2017/07/11 02:00:00+00,2017/07/10 04:15:00+00,2017/07/11 02:00:00+00,F,Type 4 IC,Iron Point,"Golconda, East of Winnemucca",WF,FI,40.9158,-117.3875,35,,{BEC38378-362D-4A94-A1E2-D7A7478C5218},,0,1,0,0,0,0,20134,100,100,Golconda,Humboldt,,32013,,NVWID,,BLM,Federal,,,,,,,GB11,BLM,NVWID,US-NV,,,Short Grass (1 foot),Brush (2 feet),49,2017-NVWID-020134,Pending Decision,wildcad,wildcad,0,,,2017/07/09 00:39:06+00,2018/02/02 18:24:16+00,IRWIN,{264439BD-D553-4E15-8F09-08165CD9A15C},,,
830769,4990031,T10,-118.8042127,44.98660482,1128,,DEFAULT,41.9664,2015/08/27 02:48:59+00,2015/09/04 21:40:00+00,60,15,ORBMC,,,,,,,,,Human,,,J112,,2015/08/16 22:54:00+00,,2015/11/03 03:00:00+00,,,,,P6,614,NWCC,,,,,,Turner Basin,,WF,FI,45.003601,-118.827003,70,,{05D1DD6C-091A-43F5-932D-2D3C974B83D1},,0,0,0,0,0,,969,,,,Grant,ORBMC,41023,,ORUMF,,USFS,Federal,,,,,,,NW11,,ORUMF,US-OR,,,,,,2015-ORUMF-000969,,wildcad,wildcad,0,,,2015/08/16 23:59:52+00,2019/09/02 16:05:06+00,IRWIN,{46C1C80C-4176-4765-9149-76D816931A68},,,
988808,4947721,T10,-116.8497133,44.51694597,1781,,DEFAULT,8032.5992,2018/08/02 03:00:00+00,2018/08/02 06:00:00+00,17600,0.5,IDPAC,2100000,,,,Minimal,Smoldering,Creeping,Backing,Natural,,,L1NG,,2018/07/25 17:39:59+00,Type 3 Incident,2018/10/09 15:59:59+00,0,100,0,0,P4,412,GBCC,2018/08/02 14:00:00+00,2018/08/01 14:00:00+00,2018/08/02 14:00:00+00,F,Type 3 Team,Keithly,"17 miles NNE of Weiser, Idaho",WF,FI,44.48248,-116.8293,,,{6517D813-8575-427D-A51F-A86BB550B8C0},,0,1,1,1,0,,267,100,100,,Washington,IDPAC,16087,BLM,IDBOD,,,,,,,,,,GB01,FS,IDPAF,US-ID,,,Brush (2 feet),Tall Grass (2.5 feet),25,2018-IDPAF-000267,Approved Decision,wildcad,wildcad,0,,,2018/07/25 18:21:03+00,2018/11/07 23:45:53+00,IRWIN,{8ACBF18E-F713-43E0-B832-D65EFF028D57},,,
1108518,4553739,T10,-115.7772345,40.90806174,1848,,DEFAULT,15860.6604,2017/07/21 00:59:59+00,2017/08/10 03:00:00+00,7466.75,100,NVEIC,1200000,,,,Minimal,Smoldering,Wind Driven Runs,,Human,,,K5X5,,2017/07/17 20:31:00+00,Type 3 Incident,2017/08/10 03:00:00+00,,,,,PN,1502,GBCC,2017/07/21 00:59:59+00,2017/07/19 23:00:00+00,2017/07/21 00:59:59+00,F,Type 3 IC,Oil Well,"East of Elko, NV along I-80 near Osino",WF,FI,40.866667,-115.75,400,,{811F4396-D64A-47E8-8188-785A6D166203},,0,1,0,0,0,0,10234,100,100,"Osino, NV",Elko,NVEIC,32007,,NVEKD,,,,,,,,,,GB11,DVF,NVNNS,US-NV,,,Brush (2 feet),Tall Grass (2.5 feet),75,2017-NVNNS-010234,Approved Decision,wildcad,wildcad,0,,,2017/07/17 21:52:42+00,2018/04/30 16:51:53+00,IRWIN,{6642D72F-EE9F-4F4F-9F26-BBA471861EB7},,,
551189,4803697,T10,-122.368014,43.38440536,2430,,DEFAULT,284.3925,,,36,,,,,,,,,,,Natural,,,,,2014/07/31 03:00:00+00,,2014/10/06 00:59:59+00,,,,,,,NWCC,,,,,,WIF 195,,WF,FI,,,,,{D205F02F-5D7D-4539-A522-CB4FAA1F1703},,0,,,,,,140210,100,,,Douglas,,41019,,ORWIF,,USFS,Federal,,,,,,,,,ORWIF,US-OR,,,,,,2014-ORWIF-140210,,wfdss,wfdss,0,,,2014/08/01 23:21:38+00,2014/12/04 22:26:10+00,IRWIN,{CC117F7D-3CA6-459D-ACA3-3593F44B4AA4},,,
633355,4505709,T10,-121.4217134,40.69150526,2580,,CERTIFIED,0.1,,,0.1,0.1,CASIFC,,,,2021/03/11 17:46:45+00,,,,,Human,Camping,,NP40,,2020/10/31 04:26:12+00,,2020/11/02 21:01:00+00,,,,,,,ONCC,,,,,,CAVE,,WF,FI,40.6915,-121.4217,,2020/10/31 04:44:59+00,{A6BC4282-814E-4A06-967F-112E1BFB6E05},,0,1,0,0,0,,6140,,,,Shasta,CASIFC,6089,FS,CALNF,,USFS,Federal,,,,,,,NC07,FS,CALNF,US-CA,Timber,TL3,,,,2020-CALNF-006140,No Decision,cfcad,INFORM_Inspector,0,,,2020/10/31 22:53:08+00,2021/03/11 17:46:52+00,IRWIN,{18545A5F-021A-4080-ACFB-8F745EA8777B},,,
698094,4879159,T10,-120.5276138,44.03884558,2656,EK2G,CERTIFIED,4019.6759,2020/09/01 00:59:59+00,2020/10/30 23:10:59+00,4020,0.1,ORCOC,6200000,,,2020/11/20 17:51:26+00,Minimal,Creeping,Smoldering,Smoldering,Natural,Lightning,,NF73,,2020/08/16 21:36:00+00,Type 4 Incident,2020/11/20 17:25:00+00,0,100,0,0,P6,607,NWCC,2020/09/01 21:45:00+00,2020/09/01 21:30:00+00,2020/09/01 21:45:00+00,F,Type 4 IC,FROG 0657 RS,8-miles south of Post,WF,FI,44.0337,-120.5225,,2020/08/16 22:30:00+00,{7AC33794-5C08-477B-8F4C-349453D2338B},,0,1,1,1,0,0,657,100,100,Post,Crook,ORCOC,41013,FS,OROCF,,USFS,Federal,,,,,,,NW06,FS,OROCF,US-OR,Timber,TL9,Timber (Grass and Understory),Brush (2 feet),92,2020-OROCF-000657,Approved Decision,wildcad,INFORM_Inspector,0,Type 2 Incident,2020/08/23 19:15:42+00,2020/08/16 23:18:39+00,2020/11/20 17:51:26+00,IRWIN,{568AFFF6-7B39-4658-A08B-22D46C0F8E32},,,
909370,4931132,T10,-117.8579135,44.41761587,3082,,CERTIFIED,3696.0297,2020/08/28 00:00:00+00,2020/09/09 23:29:59+00,3696,1855,ORVAC,670000,,,2020/11/20 18:04:14+00,Minimal,Smoldering,Smoldering,Smoldering,Natural,Lightning,,NF1M,,2020/08/17 22:46:00+00,Type 4 Incident,2020/10/19 18:00:00+00,0,100,0,0,PD,1502,NWCC,2020/08/31 00:00:00+00,2020/08/29 23:00:00+00,2020/08/31 00:00:00+00,F,Type 4 IC,BALDY,"6 MILES NORTH EAST OF IRONSIDE, OR",WF,FI,44.43858,-117.8392,,2020/08/17 22:54:59+00,{25194918-0133-4154-8B62-6C884154BBCD},,0,1,1,0,1,0,155,100,100,,Malheur,ORVAC,41045,BLM,ORVAD,,BLM,Federal,,,,,,,NW11,BLM,ORVAD,US-OR,Grass-Shrub,GS2,Brush (2 feet),Short Grass (1 foot),3,2020-ORVAD-000155,Approved Decision,wildcad,INFORM_Inspector,0,Type 4 Incident,2020/08/25 22:03:56+00,2020/08/18 02:00:50+00,2020/11/20 18:04:14+00,IRWIN,{B0B29D20-A276-428D-A4FE-B1EC61ED88C8},,,
602163,4586936,T10,-121.7773136,41.42749528,3180,,CERTIFIED,10.62,2020/05/11 23:29:59+00,2020/05/12 21:59:59+00,10.5,0.1,CARICC,,,,2021/01/14 19:03:01+00,,,,,Human,Equipment,Small Engine Equipment,M3ZT,,2020/05/11 20:12:00+00,,2020/05/21 18:49:59+00,,,,,P5,514,ONCC,,,,,,HARRIS,,WF,FI,41.42749,-121.7773,10.5,2020/05/11 20:12:00+00,{FE860B69-5999-408E-A3AC-4D48908C0C5A},1,0,0,0,0,1,,545,,,,Siskiyou,CARICC,6093,FS,CASHF,,USFS,Federal,,,,,,,NC04,FS,CASHF,US-CA,Timber,TU5,,,,2020-CASHF-000545,No Decision,wildcad,INFORM_Inspector,0,,,2020/05/11 20:18:13+00,2021/01/14 19:03:01+00,IRWIN,{1940E083-9AD9-44D9-B51E-881E9B8FF079},,,
743716,4535889,T10,-120.1050133,40.93780539,3307,,DEFAULT,10702.8156,2015/08/18 00:59:59+00,2015/08/18 00:59:59+00,10570,,,5500000,,,,,,,,Human,,,J0SD,,2015/08/03 21:17:59+00,Type 4 Incident,2015/10/14 18:59:59+00,,,,,,,ONCC,2015/08/17 12:59:59+00,2015/08/18 00:45:00+00,2015/08/17 12:59:59+00,F,Type 4 IC,DODGE,,WF,FI,,,,,{1C12212A-65A9-4139-837B-05F6136AAD75},,0,1,0,0,0,,3806,100,,,Lassen,,6035,,CANOD,,BLM,Federal,,,,,,,,,CANOD,US-CA,,,Brush (2 feet),,29,2015-CANOD-003806,,firecode,wfdss,0,,,2015/08/03 21:55:59+00,2015/10/14 19:35:20+00,IRWIN,{6EE863D7-E355-4CA6-9980-9214D2F020D1},,,
1046446,4621439,T10,-116.4487127,41.55767275,3571,,DEFAULT,2784.7947,2017/07/17 19:02:00+00,2017/07/17 19:02:00+00,1559,500,NVEIC,90000,,,,Minimal,Creeping,Smoldering,,Natural,,,K5MP,,2017/07/15 02:29:00+00,Type 4 Incident,2017/07/28 03:00:00+00,,,,,PD,1502,GBCC,2017/07/16 12:59:59+00,2017/07/15 12:59:59+00,2017/07/16 12:59:59+00,F,Type 4 IC,Cornucopia,"43 miles north of Midas, NV",WF,FI,41.563167,-116.394833,500,,{26A99F6E-75AC-4BC9-B6D4-1D926C8F8B81},,0,1,0,0,0,0,10221,25,100,"Tuscarora, NV",Elko,,32007,,NVEKD,,,,,,,,,,GB10,BLM,NVEKD,US-NV,,,Brush (2 feet),Tall Grass (2.5 feet),73,2017-NVEKD-010221,,wildcad,wildcad,0,,,2017/07/15 05:00:15+00,2020/02/07 23:02:33+00,IRWIN,{F1FAA3D5-853C-4B25-AD76-24FA2DBFC56F},1,Four Seasons Complex,{C6F64877-DC59-4685-A1B1-805D164A2F20}
618789,4741076,T10,-121.5470138,42.8130354,3984,,DEFAULT,618.9022,2016/06/12 00:59:59+00,2016/06/17 15:00:00+00,497,2.5,ORLFC,805103,,,,Minimal,Creeping,Creeping,,Natural,,,J9Y9,,2016/06/06 02:21:00+00,Type 3 Incident,2016/09/16 23:45:59+00,,100,,,P6,602,NWCC,2016/06/12 00:45:00+00,2016/06/11 00:59:59+00,2016/06/12 00:45:00+00,F,Type 3 Team,Draw,,WF,FI,42.8129,-121.5537,5,,{7079D38D-1F51-4F67-B9C7-744C0D755263},,0,1,0,0,0,,136,100,,Chiloquin,Klamath,,41035,,ORFWF,,USFS,Federal,Willamette,SE,NE,10E,8,32S,NW07,FS,ORFWF,US-OR,,,Timber (Litter and Understory),Closed Timber Litter,25,2016-ORFWF-000136,Approved Decision,wildcad,wildcad,0,,,2016/06/06 17:52:13+00,2016/09/16 23:46:12+00,IRWIN,{46F659C2-438D-4EB8-A0B9-9D12AAB9B0B8},,,
1016568,5035023,T10,-116.4137134,45.27842607,4015,,CERTIFIED,224.11,2020/11/10 18:00:00+00,2020/11/10 18:00:00+00,219,1,IDGVC,30000,,,2022/01/05 18:31:14+00,Minimal,,,,Human,Camping,,NP7M,,2020/10/31 14:02:00+00,Type 4 Incident,2020/11/10 18:00:00+00,0,0,50,50,P1,117,NRCC,2020/11/10 20:00:00+00,2020/11/05 20:00:00+00,2020/11/10 20:00:00+00,F,Type 4 IC,Cougar,"6 miles SW of Pollock, ID",WF,FI,45.32224,-116.4132,,2020/10/31 14:03:00+00,{938B3F4B-8C3B-45CB-98FF-4656CC4ECA5C},,0,1,0,0,0,0,900,0,0,Pollock,Idaho,IDGVC,16049,FS,IDNCF,,USFS,Federal,,,,,,,NR06,FS,IDNCF,US-ID,Grass-Shrub,GS1,Short Grass (1 foot),Brush (2 feet),0,2020-IDNCF-000900,No Decision,wildcad,INFORM_Inspector,0,,,2020/10/31 18:07:19+00,2022/01/05 18:31:14+00,IRWIN,{969F7127-D6A0-4C1D-803C-7861E528BFE7},0,,
662457,4584438,T10,-121.0567135,41.39508534,4246,,DEFAULT,3042.6575,2018/08/30 00:59:59+00,2018/12/10 18:14:59+00,39387,0.1,CAMICC,16900000,,,,Minimal,Creeping,Smoldering,Backing,Natural,,,L3GU,,2018/08/15 15:08:00+00,Type 2 Incident,2018/12/10 18:16:00+00,0,100,0,0,,509,ONCC,2018/08/30 12:59:59+00,2018/08/30 00:59:59+00,2018/08/30 12:59:59+00,F,Type 2 Team,STONE,"10 miles WSW Canby, CA. 14 Miles NW of Adin, CA.",WF,FI,41.37873,-121.0128,0.5,,{FA54DA8D-9C94-4CD6-9C30-F7EF25522803},,0,0,0,0,0,,1193,100,100,,Modoc,CAMICC,6049,FS,CAMDF,,USFS,Federal,Mount Diablo,SW,NW,8E,16,41N,NC06,FS,CAMDF,US-CA,,,Timber (Litter and Understory),Brush (2 feet),266,2018-CAMDF-001193,Approved Decision,wildcad,wildcad,0,,,2018/08/15 17:10:31+00,2019/01/29 23:23:11+00,IRWIN,{ADC0B514-56FB-4CCC-8E2C-6824D216A2FF},,,
560962,4861779,T10,-122.2408141,43.90660541,4440,EK2R,DEFAULT,2.3018,2019/11/25 23:42:59+00,2019/11/25 23:42:59+00,1.5,1.3,OREIC,,,,,,,,,Natural,,,,,2019/09/05 23:00:48+00,,2019/11/25 23:42:59+00,,,,,P6,618,NWCC,,,,,,410 MF,,WF,FI,43.90324,-122.221,1.25,,{F4663AA0-5BF9-4E65-8DE8-B45E7C1747CA},,0,0,0,0,0,,190410,,,,Lane,OREIC,41039,FS,ORWIF,,USFS,Federal,,,,,,,NW04,FS,ORWIF,US-OR,,,,,,2019-ORWIF-190410,No Decision,wildcad,wildcad,0,Type 4 Incident,,2019/09/07 23:54:59+00,2019/12/12 17:59:01+00,IRWIN,{CB42F6A0-30CB-44FA-9604-339AFB89D346},,,
620256,4475308,T10,-121.5824804,40.41972222,4476,EK5R,CERTIFIED,0.1,,,0.1,0.1,CASIFC,,,,2020/09/18 21:30:11+00,,,,,Natural,Lightning,,,,2020/08/17 21:10:41+00,,2020/08/21 21:59:59+00,,,,,P5,,ONCC,,,,,,L-3 GLASS,,WF,FI,40.419717,-121.582467,,2020/08/17 21:20:00+00,{1A28EEDE-A869-479B-B729-013B19A43785},,0,,,,,,4688,,,,Tehama,CASIFC,6103,FS,CALNF,,USFS,Federal,,,,,,,NC07,FS,CALNF,US-CA,Timber,TL4,,,,2020-CALNF-004688,No Decision,cfcad,INFORM_Inspector,0,,,2020/08/18 04:55:31+00,2020/09/18 21:30:12+00,IRWIN,{C0087C45-096A-4273-BBA6-1330C6EC966A},,,
747385,4828447,T10,-119.9366137,43.56794561,4540,,DEFAULT,52195.884,2017/08/11 00:59:59+00,2017/10/01 18:59:59+00,52531,0.1,ORBIC,4400000,,,,Minimal,Smoldering,Creeping,Creeping,Human,,,K8UQ,,2017/08/02 19:54:59+00,Type 4 Incident,2017/10/16 18:59:59+00,0,100,0,0,,1502,NWCC,2017/08/17 15:59:59+00,2017/08/16 15:59:59+00,2017/08/17 15:59:59+00,F,Type 4 IC,Cinder Butte,"Fire started off of Highway 20 approximately 10 miles west of Riley, OR.",WF,FI,43.57767,-119.9441,,,{F5CFECEF-1FAF-4D4D-ADE9-97E8717A28AA},,0,1,0,0,0,0,7092,100,100,"Riley, OR",Lake,,41037,,ORPRD,,BLM,Federal,,,,,,,NW12,BLM,ORBUD,US-OR,,,Short Grass (1 foot),Brush (2 feet),6,2017-ORBUD-007092,Approved Decision,wildcad,wildcad,0,,,2017/08/02 20:47:09+00,2017/10/16 22:23:12+00,IRWIN,{E3C7431B-6C67-48DE-8149-0A4240CC574B},,,
573379,4984420,T10,-122.0688143,45.0094355,4564,,DEFAULT,21.873,2018/07/18 14:45:59+00,2018/07/23 20:58:59+00,18,4,WACCC,,,,,,,,,Human,,,L0JM,,2018/07/15 18:58:00+00,,2018/08/06 23:29:59+00,,,,,P6,606,NWCC,,,,,,COLLAWASH,,WF,FI,45.00602,-122.0623,4,,{1924F730-47B1-4642-8B14-1140D3F99892},,0,0,0,1,0,,311,,,,Clackamas,WACCC,41005,FS,ORMHF,,USFS,Federal,,,,,,,NW03,FS,ORMHF,US-OR,,,,,,2018-ORMHF-000311,Approved Decision,wildcad,wildcad,0,,,2018/07/15 21:09:54+00,2018/08/13 23:02:51+00,IRWIN,{51BBE151-21F6-4BE8-B315-0C5EB62BAF8E},,,
501259,4733643,T10,-122.984614,42.75531527,5233,,DEFAULT,63.5344,2018/08/22 00:51:00+00,2018/08/26 19:28:00+00,35,0.1,ORRICC,,,,,,,,,Natural,,,L0VM,,2018/07/16 23:48:59+00,,2018/10/28 17:00:00+00,,,,,P6,615,NWCC,,,,,,RAILROAD GAP,,WF,FI,42.74539,-122.9799,35,,{B606B1E2-4D63-406B-8A3F-8232465DD802},,0,0,0,0,0,,260,,,,Jackson,ORUPC,41029,FS,ORUPF,,USFS,Federal,,,,,,,NW04,FS,ORUPF,US-OR,,,,,,2018-ORUPF-000260,Approved Decision,wildcad,wildcad,0,,,2018/07/17 20:15:56+00,2018/11/15 16:30:13+00,IRWIN,{ECD5C228-5EFF-4184-83D4-77715BD32A38},,,
1071525,5150369,T10,-115.5825134,46.26566624,5423,EKT5,CERTIFIED,0.01,2020/07/11 19:43:00+00,2020/07/11 23:10:00+00,0.1,0.1,IDGVC,,,,2021/12/29 18:50:08+00,,,,,Natural,Lightning,,,,2020/07/11 01:41:45+00,,2020/07/12 00:08:00+00,,,,,P1,117,NRCC,,,,,,Cedar ,,WF,FI,46.30398,-115.6096,0.1,2020/07/11 15:03:00+00,{1B1C8D41-EAB2-4718-8CFC-2F285001F5AF},,0,1,0,0,0,,243,,,,Idaho,IDGVC,16049,FS,IDNCF,,USFS,Federal,,,,,,,NR03,FS,IDNCF,US-ID,Timber,TL5,,,,2020-IDNCF-000243,No Decision,wildcad,INFORM_Inspector,0,,,2020/07/11 15:41:38+00,2021/12/29 18:50:08+00,IRWIN,{7CD14EC0-3BA3-489C-AAEF-BEE15A508B9F},,,
964774,5087647,T10,-117.0204136,45.78565605,5481,,DEFAULT,91.7497,2019/08/18 18:14:59+00,2019/08/20 19:38:59+00,82,0.1,ORBMC,,,,,,,,,Natural,,,ML6Z,,2019/08/11 19:27:00+00,,2019/10/17 18:00:00+00,,,,,P6,616,NWCC,,,,,,Hollow Log,,WF,FI,45.78072,-117.0094,82,,{C33A90B8-68C2-41AF-83D3-55442EDD1F51},,0,0,0,0,0,,838,,,,Wallowa,ORBMC,41063,FS,ORWWF,,USFS,Federal,,,,,,,NW11,FS,ORWWF,US-OR,,,,,,2019-ORWWF-000838,Approved Decision,wildcad,wildcad,0,Type 4 Incident,2019/08/14 17:31:35+00,2019/08/12 00:44:31+00,2019/10/17 18:01:33+00,IRWIN,{A29371FC-4345-4C1D-A03C-18DB3B947F66},,,
1072382,5174054,T10,-115.5426134,46.47630626,5634,EKT5,CERTIFIED,0.62,2020/08/30 14:00:00+00,2020/08/30 21:01:59+00,0.1,0.1,IDGVC,,,,2021/12/29 21:30:51+00,,,,,Natural,Lightning,,,,2020/08/30 01:13:06+00,,2020/08/31 00:52:00+00,,,,,P1,117,NRCC,,,,,,Lean To,,WF,FI,46.4763,-115.5426,,2020/08/30 02:00:00+00,{EDC30B47-D703-4079-B372-47896FA8C785},,0,1,0,0,0,,655,,,,Idaho,IDGVC,16049,FS,IDNCF,,USFS,Federal,,,,,,,NR03,FS,IDNCF,US-ID,Timber,TL4,,,,2020-IDNCF-000655,No Decision,wildcad,INFORM_Inspector,0,,,2020/08/30 02:18:36+00,2021/12/29 21:30:51+00,IRWIN,{B5D5AEA2-A0A7-4D19-97B4-0483FD75B2B0},,,
696889,4718797,T10,-120.6001249,42.59647843,6198,,CERTIFIED,1.07,2020/09/03 23:38:00+00,2020/09/05 18:11:00+00,1.1,0.1,ORLFC,,,,2020/10/28 21:49:03+00,,,,,Unknown,Cause and Origin Not Identified,,NJ10,,2020/09/03 14:12:00+00,,2020/09/26 22:36:00+00,,,,,P6,602,NWCC,,,,,,Burford Canyon,,WF,FI,42.59227,-120.6015,,2020/09/03 14:16:00+00,{654E4FD5-73CF-4336-A859-BB97915F9279},,0,0,0,0,0,,200395,,,,Lake,ORLFC,41037,FS,ORFWF,,USFS,Federal,,,,,,,NW07,FS,ORFWF,US-OR,Timber,TU5,,,,2020-ORFWF-200395,No Decision,wildcad,INFORM_Inspector,0,,,2020/09/03 14:38:20+00,2020/10/28 21:49:03+00,IRWIN,{F8B9C325-B665-4521-812E-0C23875C2787},,,
449462,4688167,T10,-123.613542,42.34412718,6233,,CERTIFIED,0.1,2020/10/02 02:10:59+00,,0.1,0.1,ORRVC,,,,2020/10/20 17:53:33+00,,,,,Human,Camping,Trash Burning,NM28,,2020/10/02 01:02:59+00,,2020/10/04 21:00:00+00,,,,,,,NWCC,,,,,,Copper,,WF,FI,42.15584,-123.6722,,2020/10/02 01:15:00+00,{F9D8F43C-9DE1-41BB-9226-E0339B44E875},1,0,0,0,1,1,,439,,,,Josephine,ORRVC,41033,FS,ORRSF,,USFS,Federal,,,,,,,NW04,FS,ORRSF,US-OR,Timber,TU2,,,,2020-ORRSF-000439,No Decision,wildcad,INFORM_Inspector,0,,,2020/10/02 19:47:57+00,2020/10/20 17:53:33+00,IRWIN,{8E1EF241-0C8E-40C3-89F7-9F1E1ABF4D5B},,,
968619,4953609,T10,-117.0970134,44.58304595,6581,,DEFAULT,2070.0007,2018/09/17 23:00:00+00,2018/09/20 00:00:00+00,2026,12,IDPAC,335000,,,,Minimal,Smoldering,Uphill Runs,Flanking,Human,,,L43B,,2018/09/15 23:29:00+00,Type 3 Incident,2018/10/09 15:59:59+00,0,100,0,0,P4,412,GBCC,2018/09/17 23:00:00+00,2018/09/17 12:59:59+00,2018/09/17 23:00:00+00,F,Type 3 IC,Mountain Man,"20 miles northwest of Midvale, ID",WF,FI,44.66913,-116.6327,20,,{24FF34A6-228A-43E3-A376-4B7DED4CF836},,0,1,1,1,1,,482,100,100,,Washington,IDPAC,16087,PRI,IDPRI,,,,,,,,,,GB01,FS,IDPAF,US-ID,,,Tall Grass (2.5 feet),Brush (2 feet),68,2018-IDPAF-000482,No Decision,wildcad,wfdss,0,,,2018/09/16 00:11:34+00,2018/11/19 23:55:26+00,IRWIN,{322C375C-E523-494E-A85F-8EA9EC893EA2},,,
1073534,5174802,T10,-115.5268134,46.48200626,6762,EKT5,CERTIFIED,1.91,2020/08/30 22:28:00+00,2020/08/31 15:30:00+00,0.25,0.1,IDGVC,,,,2021/12/29 21:34:21+00,,,,,Natural,Lightning,,,,2020/08/29 23:55:51+00,,2020/08/31 22:22:59+00,,,,,P1,117,NRCC,,,,,,Felix Creek,,WF,FI,46.44927,-115.5593,,2020/08/30 02:16:00+00,{88B75661-9532-4AFB-9DAB-4ED4898D8CF4},,0,1,0,0,0,,654,,,,Idaho,IDGVC,16049,FS,IDNCF,,USFS,Federal,,,,,,,NR03,FS,IDNCF,US-ID,Brush,SH3,,,,2020-IDNCF-000654,No Decision,wildcad,INFORM_Inspector,0,,,2020/08/30 02:28:42+00,2021/12/29 21:34:22+00,IRWIN,{BD2B8A41-CDC7-427C-BC66-A96BF5AED052},,,
626025,4840403,T10,-121.4358139,43.70595547,7484,,CERTIFIED,392.9071,2020/07/22 23:00:00+00,2020/12/03 22:41:59+00,393,0.1,ORCOC,600000,,,2021/01/07 22:35:38+00,Minimal,Smoldering,Creeping,Wind Driven Runs,Human,Other Human Cause,"Other, Unknown",M94G,,2020/07/18 21:01:59+00,Type 3 Incident,2020/12/11 15:40:00+00,0,100,0,0,P6,601,NWCC,2020/07/22 21:59:59+00,2020/07/21 22:15:00+00,2020/07/22 21:59:59+00,F,Type 3 Team,ROSLAND ROAD 0429 NE,FOUR MILES NE OF LAPINE OREGON,WF,FI,43.71098,-121.4565,,2020/07/18 21:30:00+00,{696ADC87-6F95-47BD-BE34-475814E6B7A5},1,0,1,1,1,0,0,429,100,100,LAPINE,Deschutes,ORCOC,41017,FS,ORDEF,,USFS,Federal,Willamette,SE,SW,11,32,21,NW07,FS,ORDEF,US-OR,Grass-Shrub,GS2,Timber (Litter and Understory),Brush (2 feet),52,2020-ORDEF-000429,Approved Decision,wildcad,INFORM_Inspector,0,Type 3 Incident,2020/07/20 23:21:36+00,2020/07/18 21:36:17+00,2021/01/07 22:35:38+00,IRWIN,{BE936E3A-5319-4FA2-88BD-285ABF5F4AE7},,,
534303,4842684,T10,-122.5740141,43.73640537,7818,,DEFAULT,5290.0532,,,6033,,,28500000,,,,,,,,,,,JB14,,2014/08/11 17:57:00+00,,2014/12/04 20:00:00+00,,,,,,,NWCC,,,,,,DECEPTION CREEK,,WF,FI,,,,,{F4C0F929-EAC6-48BF-A7DF-A9E974DFECF9},,0,0,0,0,0,,140274,100,,,Lane,,41039,,ORWIF,,USFS,Federal,,,,,,,,,ORWIF,US-OR,,,,,,2014-ORWIF-140274,,firecode,wfdss,0,,,2014/08/12 16:02:27+00,2015/01/15 00:38:55+00,IRWIN,{811B3206-B9C3-4B0E-9C2E-225407AAA8E3},,,
475718,4660129,T10,-123.2936139,42.09287519,7971,,DEFAULT,1978.7569,2017/11/28 18:59:59+00,2017/11/28 18:59:59+00,2093,7,ORRVC,,,,,,,,,Natural,,,K9LE,,2017/08/11 14:58:59+00,,2017/11/28 18:59:59+00,,,,,,,NWCC,,,,,,Creedence,,WF,FI,42.09169,-123.2019,7,,{C21552C6-37AD-4845-A4A2-4AC0AEC43709},,0,0,0,0,0,,600,,,,Josephine,,41033,,ORRSF,,USFS,Federal,,,,,,,NW04,FS,ORRSF,US-OR,,,,,,2017-ORRSF-000600,Approved Decision,wildcad,wildcad,0,,,2017/08/11 19:15:19+00,2017/12/08 01:05:17+00,IRWIN,{19116AC4-F013-43D9-9422-2D0043A7BDBB},1,Miller Complex,{08C7D95C-95DE-4EE8-BA1E-0ACCC382D69C}
1075713,4873648,T10,-115.845013,43.791406,8025,,DEFAULT,21.4198,2015/08/07 02:00:00+00,2015/08/08 21:30:00+00,11.9,0.1,IDBDC,300000,,,,,,,,Natural,,,,,2015/08/04 15:56:26+00,Type 4 Incident,2015/08/16 20:19:59+00,,,,,,,GBCC,2015/08/07 02:00:00+00,2015/08/06 12:00:00+00,2015/08/07 02:00:00+00,F,Type 4 IC,GRAYBACK,,WF,FI,43.8323,-115.8365,,,{3DA1FE4D-5CFE-4E38-AD7E-8FFD3C610F7C},,0,0,0,0,0,,814,100,,,Boise,,16015,,IDBOF,,,,,,,,,,,,IDBOF,US-ID,,,Short Grass (1 foot),,47,2015-IDBOF-000814,,wildcad,wildcad,0,,,2015/08/04 19:05:53+00,2015/08/17 23:18:12+00,IRWIN,{95752620-2354-4EB1-B655-468B669AE1A7},,,
714788,4497727,T10,-120.4614033,40.60247433,8034,,CERTIFIED,471.6686,2020/08/19 02:25:00+00,2020/08/19 02:42:00+00,471,0.1,CASIFC,45000,,,2020/12/04 22:05:19+00,Minimal,Creeping,,,Natural,Lightning,,NFZ3,,2020/08/17 19:41:59+00,Type 4 Incident,2020/09/11 20:58:00+00,0,100,0,0,,,ONCC,2020/08/20 00:00:00+00,2020/08/19 00:59:59+00,2020/08/20 00:00:00+00,F,Type 4 IC,R-5 SNOWSTORM,17 Miles NE of Susanville,WF,FI,40.602469,-120.46139,,2020/08/17 19:41:59+00,{9281756E-072A-4BBB-809B-8F49DBB063B2},0,0,1,0,0,0,0,4682,100,100,,Lassen,CASIFC,6035,BLM,CANOD,,BLM,Federal,,,,,,,NC08,BLM,CANOD,US-CA,Grass-Shrub,GS3,Brush (2 feet),Short Grass (1 foot),2,2020-CANOD-004682,No Decision,cfcad,INFORM_Inspector,0,,,2020/08/17 19:57:34+00,2020/12/04 22:05:20+00,IRWIN,{DBEE75EC-AC51-4007-BFCE-D9B5217EEF87},,,
937577,4922875,T10,-117.5121134,44.32714589,8053,,CERTIFIED,221.22,2020/09/20 00:00:00+00,2020/09/20 00:01:00+00,221,209,ORVAC,,,,2020/11/20 18:02:47+00,,,,,Natural,Lightning,,NL0J,,2020/09/19 05:50:00+00,,2020/10/19 18:00:00+00,,,,,,,NWCC,,,,,,BECKER CREEK,,WF,FI,44.27261,-117.6802,221,2020/09/19 05:55:00+00,{0831388C-C287-43FE-999F-3B6EBED26217},,0,1,1,0,0,,207,,,,Malheur,ORVAC,41045,BLM,ORVAD,,BLM,Federal,,,,,,,NW12,BLM,ORVAD,US-OR,Grass,GR2,,,,2020-ORVAD-000207,No Decision,wildcad,INFORM_Inspector,0,,,2020/09/19 07:54:30+00,2020/11/20 18:02:47+00,IRWIN,{D610FCD1-6AE3-412D-A0E1-C83131D3A4F6},,,
932143,5018486,T10,-117.4990135,45.18720596,8496,,DEFAULT,122.2621,2014/10/28 17:00:00+00,2014/10/28 17:00:00+00,945,,,139542,,,,,,,,Natural,,,,,2014/07/29 17:09:00+00,,2014/10/28 17:00:00+00,,,,,,,NWCC,,,,F,,China Cap,,WF,FI,,,,,{CF72EC08-92E4-4F4F-9BBA-DB2EB7576C81},,0,,,,,,672,10,,,Union,,41061,,ORWWF,,USFS,Federal,,,,,,,,,ORWWF,US-OR,,,,,12,2014-ORWWF-000672,,wfdss,wfdss,0,,,2014/07/30 01:07:01+00,2016/01/07 16:46:26+00,IRWIN,{5F458A71-393E-4422-AAAB-3D40E1DD31D1},,,
795109,4991440,T10,-119.2547138,45.01497578,8511,EK2L,CERTIFIED,0.1,2020/06/18 22:11:00+00,2020/06/18 22:11:00+00,0.1,0.1,ORJDCC,,,,2020/06/23 21:59:02+00,,,,,Natural,Lightning,,,,2020/06/17 22:39:59+00,,2020/06/19 00:00:00+00,,,,,P6,614,NWCC,,,,,,Little Potamus,,WF,FI,45.01769,-119.2532,0.1,2020/06/17 22:57:00+00,{5A5146FE-3E50-44EA-AA19-30CC91C085DF},,0,0,0,0,0,,20067,,,,Morrow,ORJDCC,41049,FS,ORUMF,,USFS,Federal,,,,,,,NW11,FS,ORUMF,US-OR,Grass-Shrub,GS2,,,,2020-ORUMF-020067,No Decision,wildcad,INFORM_Inspector,0,,,2020/06/18 20:23:52+00,2020/06/23 21:59:02+00,IRWIN,{7095B636-1ED1-471F-9FFF-33C78F46307E},,,
1038955,5051375,T10,-116.1125133,45.40778611,8579,EKT5,CERTIFIED,39.51,2020/08/08 00:20:00+00,2020/08/08 22:34:00+00,32,0.1,IDGVC,,,,2022/01/05 18:28:38+00,,,,,Natural,Lightning,,,,2020/08/06 22:11:22+00,,2020/08/08 22:34:00+00,,,,,P1,117,NRCC,,,,,,Kelly,,WF,FI,45.42278,-116.1157,30,2020/08/06 23:15:00+00,{0677001D-D91A-4A6A-A66D-DCE11907201E},,0,1,0,0,0,,392,,,,Idaho,IDGVC,16049,FS,IDNCF,,USFS,Federal,,,,,,,NR06,FS,IDNCF,US-ID,Grass-Shrub,GS1,,,,2020-IDNCF-000392,No Decision,wildcad,INFORM_Inspector,0,,,2020/08/06 23:25:25+00,2022/01/05 18:28:39+00,IRWIN,{9AA1EF38-2221-4C08-A303-0219A06869F8},0,,
922436,4962257,T10,-117.6690135,44.68911591,8918,,CERTIFIED,40.13,2020/08/10 05:00:00+00,2020/08/10 18:00:00+00,40,1,ORVAC,,,,2020/12/08 19:48:40+00,,,,,Human,Equipment,Motor Vehicle,ND9Y,,2020/08/10 01:41:00+00,,2020/11/10 18:59:59+00,,,,,,,NWCC,,,,,,PLEASANT VALLEY,,WF,FI,44.69749,-117.6854,,,{13E825E0-2A3B-4A14-B3B1-BD8C4DF3F72C},0,0,1,0,0,0,,143,,,,Baker,ORVAC,41001,,,,Private,Private,,,,,,,NW11,BLM,ORVAD,US-OR,,,,,,2020-ORVAD-000143,No Decision,wildcad,INFORM_Inspector,0,,,2020/08/10 04:29:37+00,2020/12/08 19:48:40+00,IRWIN,{F386FE1A-9AA3-4417-B446-51DE578CED24},,,
700074,5182450,T10,-120.3797144,46.76559578,9220,,CERTIFIED,0.1,2020/10/11 20:29:59+00,2020/11/06 20:00:00+00,0.1,0.1,WACWC,,,,2020/11/10 16:54:24+00,,,,,Human,Other Human Cause,"Other, Known",NNX8,,2020/10/11 08:00:59+00,,2020/11/06 20:00:00+00,,,,,PD,1502,NWCC,,,,,,ROSE SPRINGS,,WF,FI,46.76789,-120.3824,0.1,2020/10/11 08:10:00+00,{B386139B-137B-4162-9735-D4A3738A0A9F},,0,1,0,0,0,,705,,,,Kittitas,WACWC,53037,BLM,WASPD,,Private,Private,,,,,,,NW05,BLM,WASPD,US-WA,Grass-Shrub,GS2,,,,2020-WASPD-000705,No Decision,wildcad,INFORM_Inspector,0,,,2020/10/11 19:04:37+00,2020/11/10 16:54:24+00,IRWIN,{2B372F70-542A-4E36-8DC9-93C84F441641},,,
535456,4757377,T10,-122.565214,42.96822532,9351,EK2M,DEFAULT,0.0822,2017/08/21 20:58:00+00,2017/08/21 20:58:59+00,3,0.25,ORRICC,,,,,,,,,Natural,,,,,2017/08/08 00:47:02+00,,2017/08/21 21:00:00+00,,,,,P6,615,NWCC,,,,,,TL Cougar Cub,,WF,FI,42.97248,-122.5609,3,,{8228006C-1168-40E8-823B-8CCE8B95892A},,0,0,0,0,0,,283,,,,Douglas,,41019,,ORUPF,,USFS,Federal,,,,,,,NW04,FS,ORUPF,US-OR,,,,,,2017-ORUPF-000283,,wildcad,wildcad,0,,,2017/08/09 00:14:42+00,2017/09/26 17:47:00+00,IRWIN,{0D506310-381F-426B-A3A9-8384274617F1},,,
1032032,4887464,T10,-116.3704121,43.94760697,10200,,DEFAULT,10262.9307,2015/06/28 03:59:59+00,2015/06/30 00:00:00+00,10845,1,IDBDC,750000,,,,,,,,Human,,,JT8Q,,2015/06/25 18:30:59+00,Type 3 Incident,2015/07/02 00:00:00+00,,,,,PD,1502,GBCC,2015/07/02 21:59:59+00,2015/07/02 21:00:00+00,2015/07/02 21:59:59+00,F,Type 3 IC,MM43 HWY 52,,WF,FI,43.949299,-116.369797,250,,{5FF76EFE-F1F6-431A-89A5-2F4B937DD294},,0,1,0,0,0,,390,100,,,Gem,,16045,,IDBOD,,BLM,Federal,,,,,,,GB04,,IDBOD,US-ID,,,Tall Grass (2.5 feet),,63,2015-IDBOD-000390,,wildcad,wildcad,0,,,2015/06/25 19:32:57+00,2018/03/14 13:23:39+00,IRWIN,{77DF5709-CA0B-43E9-8A13-9C95CD2B32E7},,,
966809,4858108,T10,-117.2043231,43.72886495,10846,,CERTIFIED,0.2,2020/07/18 15:30:00+00,2020/07/18 17:39:59+00,0.2,0.3,ORVAC,,,,2020/11/20 17:59:39+00,,,,,Unknown,Investigated but Undetermined,Structure,M92E,,2020/07/18 13:09:59+00,,2020/10/10 18:00:00+00,,,,,,,NWCC,,,,,,SNIVELY HOT SPRINGS,,WF,FI,43.72994,-117.203,,2020/07/18 13:20:00+00,{E60C1688-7A43-4B23-B862-3B9CA8E9D9F4},1,0,1,0,1,0,,84,,,,Malheur,ORVAC,41045,BLM,ORVAD,,BLM,Federal,,,,,,,NW12,BLM,ORVAD,US-OR,Grass-Shrub,GS1,,,,2020-ORVAD-000084,No Decision,wildcad,INFORM_Inspector,0,,,2020/07/18 14:48:05+00,2020/11/20 17:59:39+00,IRWIN,{033565D5-96D7-4A5C-821C-244EECBF0C50},,,
637785,4983637,T10,-121.2520141,44.99280558,11630,,DEFAULT,4025.968,,2014/10/17 14:00:00+00,42044,,,5200000,,,,,,,,Natural,,,H8AK,,2014/07/13 01:44:59+00,,2014/10/24 17:00:00+00,,,,,,,NWCC,,,,F,,SHANIKO BUTTE,,WF,FI,,,,,{CA983240-E6BB-4D3E-A0BD-8963E647182E},,0,1,0,0,0,,56,96,,,Wasco,,41065,,ORWSA,,BIA,Federal,,,,,,,,,ORWSA,US-OR,,,,,4,2014-ORWSA-000056,,firecode,wfdss,0,,,2014/07/14 01:35:40+00,2014/10/25 15:46:02+00,IRWIN,{5575167C-E291-4535-A06B-5A41827260AE},,,
445960,4532795,T10,-123.6420138,40.94450509,11885,,DEFAULT,0.1409,2014/06/05 03:45:00+00,2014/06/05 06:59:59+00,0.8,,,,,,,,,,,Human,,,H5KA,,2014/06/05 00:04:59+00,,2014/06/08 23:32:59+00,,,,,,,ONCC,,,,,,BRANNAN,,WF,FI,,,,,{A62679F3-24AF-4F1F-8620-5A8D70E076C9},,0,0,0,1,0,,715,,,,Humboldt,,6023,,,,,,,,,,,,,,CASRF,US-CA,,,,,,2014-CASRF-000715,,firecode,wfdss,0,,,2014/06/05 02:40:54+00,2014/06/10 23:56:38+00,IRWIN,{51AF9B51-C69A-4E7B-BEF7-90CCC1CA8928},,,
568287,4746368,T10,-122.1640053,42.86685751,12222,,CERTIFIED,0.1,2020/07/11 00:14:59+00,2020/07/11 01:30:00+00,0.1,0.1,ORLFC,,,,2020/08/02 16:50:38+00,,,,,Human,Utilities,Motor Vehicle,M9CF,,2020/07/10 22:36:00+00,,2020/07/17 21:30:00+00,,,,,PP,1502,NWCC,,,,,,Mazama Charlie,,WF,FI,42.86807,-122.1644,0.1,2020/07/10 22:40:00+00,{6EA0A4D3-0A2D-471C-9EA7-C4C312C48FDD},1,0,0,0,0,0,,200175,,,,Klamath,ORLFC,41035,NPS,ORCLP,,NPS,Federal,,,,,,,NW07,NPS,ORCLP,US-OR,Timber,TL4,,,,2020-ORCLP-200175,No Decision,wildcad,INFORM_Inspector,0,,,2020/07/10 22:58:39+00,2020/08/02 16:50:39+00,IRWIN,{D718805B-D28C-4BCF-8CF8-48B5CBA39360},,,
455053,4853077,T10,-123.5590143,43.82940528,13288,,DEFAULT,989.9763,2014/09/13 18:59:59+00,2014/09/29 07:01:00+00,790,,,5145080,,,,,,,,Undetermined,,,JD3F,,2014/09/06 00:59:59+00,,2014/09/30 18:59:59+00,,,,,,,NWCC,,,,F,,YELLOW POINT,,WF,FI,,,,,{BECCFAD2-DC7F-4CB7-BF16-9B8A50F318C1},,0,1,0,0,0,,4015,100,,,Douglas,,41019,,OREUD,,BLM,Federal,,,,,,,,,OR781S,US-OR,,,,,313,2014-OR781S-004015,,firecode,wfdss,0,,,2014/09/06 02:08:08+00,2014/11/04 20:57:13+00,IRWIN,{FAA3A3AA-C512-407F-9CE3-76F12CBC683E},,,
684495,4705369,T10,-120.7554136,42.47870545,13305,,DEFAULT,117.7431,2019/06/19 23:00:00+00,,107,0.1,ORLFC,55000,,,,Minimal,Smoldering,Smoldering,,Natural,,,MA08,,2019/06/15 20:07:59+00,Type 4 Incident,2019/09/03 00:45:00+00,0,100,0,0,P6,602,NWCC,2019/06/19 22:44:59+00,2019/06/18 23:00:00+00,2019/06/19 22:44:59+00,F,Type 4 IC,Dairy ,"17 miles NE of Bly, OR",WF,FI,42.47724,-120.7725,0.25,,{EB65FF7D-6E17-4F20-BAB5-E93F6BAD3787},,0,0,0,0,0,,169,100,100,,Lake,ORLFC,41037,FS,ORFWF,,USFS,Federal,,,,,,,NW07,FS,ORFWF,US-OR,,,Timber (Litter and Understory),,4,2019-ORFWF-000169,Approved Decision,wildcad,wildcad,0,Type 3 Incident,2019/06/16 02:33:44+00,2019/06/15 21:24:33+00,2019/09/03 00:45:38+00,IRWIN,{D5E18C09-7998-440E-B587-4C688A2E6207},,,